date,total_precipitation,rain_only,soil_moisture_0_7cm,soil_moisture_7_28cm,soil_moisture_28_100cm,soil_moisture_100_255cm,surface_pressure,humidity
2024-06-04 00:00:00+07:00,0.0,0.0,0.485,0.47,0.413,0.456,1009.51685,95.04668
2024-06-04 01:00:00+07:00,0.0,0.0,0.484,0.47,0.413,0.456,1009.0169,97.63894
2024-06-04 02:00:00+07:00,0.0,0.0,0.483,0.471,0.413,0.456,1008.61774,97.931404
2024-06-04 03:00:00+07:00,0.0,0.0,0.482,0.471,0.413,0.456,1008.31836,98.22459
2024-06-04 04:00:00+07:00,0.0,0.0,0.481,0.471,0.413,0.456,1008.5195,96.19518
2024-06-04 05:00:00+07:00,0.0,0.0,0.48,0.471,0.414,0.456,1009.2171,95.9034
2024-06-04 06:00:00+07:00,0.0,0.0,0.48,0.471,0.414,0.456,1009.1167,97.05639
2024-06-04 07:00:00+07:00,0.0,0.0,0.479,0.471,0.414,0.456,1009.82,93.93708
2024-06-04 08:00:00+07:00,0.0,0.0,0.477,0.471,0.414,0.456,1010.43494,82.30046
2024-06-04 09:00:00+07:00,0.0,0.0,0.476,0.47,0.414,0.456,1010.6466,72.38899
2024-06-04 10:00:00+07:00,0.0,0.0,0.474,0.47,0.414,0.456,1010.3557,66.581505
2024-06-04 11:00:00+07:00,0.0,0.0,0.471,0.469,0.414,0.456,1009.8641,61.615177
2024-06-04 12:00:00+07:00,0.0,0.0,0.469,0.468,0.414,0.456,1009.17017,59.585552
2024-06-04 13:00:00+07:00,0.0,0.0,0.466,0.467,0.414,0.456,1008.37177,60.486958
2024-06-04 14:00:00+07:00,0.0,0.0,0.464,0.466,0.414,0.456,1007.67004,62.41474
2024-06-04 15:00:00+07:00,0.0,0.0,0.463,0.466,0.414,0.456,1007.3637,67.44425
2024-06-04 16:00:00+07:00,0.0,0.0,0.461,0.465,0.414,0.456,1007.26135,71.30283
2024-06-04 17:00:00+07:00,0.0,0.0,0.461,0.465,0.414,0.456,1007.85345,75.74009
2024-06-04 18:00:00+07:00,0.0,0.0,0.461,0.464,0.414,0.456,1008.64307,81.160866
2024-06-04 19:00:00+07:00,0.0,0.0,0.46,0.464,0.414,0.456,1009.9337,91.019806
2024-06-04 20:00:00+07:00,0.0,0.0,0.48,0.463,0.413,0.456,1010.5258,95.10388
2024-06-04 21:00:00+07:00,0.1,0.1,0.48,0.463,0.413,0.456,1011.02386,90.67873
2024-06-04 22:00:00+07:00,0.2,0.2,0.48,0.463,0.413,0.456,1011.5164,87.932816
2024-06-04 23:00:00+07:00,0.4,0.4,0.484,0.464,0.413,0.456,1011.01373,91.40506
2024-06-05 00:00:00+07:00,0.0,0.0,0.482,0.464,0.413,0.456,1010.51166,94.74496
2024-06-05 01:00:00+07:00,0.0,0.0,0.481,0.464,0.413,0.456,1009.9103,96.75078
2024-06-05 02:00:00+07:00,0.0,0.0,0.48,0.464,0.413,0.456,1009.4101,97.91836
2024-06-05 03:00:00+07:00,0.0,0.0,0.479,0.464,0.413,0.456,1009.20795,98.5053
2024-06-05 04:00:00+07:00,0.0,0.0,0.478,0.465,0.413,0.456,1009.20703,98.80132
2024-06-05 05:00:00+07:00,0.0,0.0,0.478,0.465,0.413,0.456,1009.50696,99.100464
2024-06-05 06:00:00+07:00,0.0,0.0,0.477,0.465,0.413,0.456,1009.8064,98.80222
2024-06-05 07:00:00+07:00,0.0,0.0,0.476,0.465,0.413,0.456,1010.4146,95.330315
2024-06-05 08:00:00+07:00,0.0,0.0,0.469,0.464,0.414,0.456,1011.3347,82.57018
2024-06-05 09:00:00+07:00,0.0,0.0,0.468,0.463,0.414,0.456,1011.44556,73.05958
2024-06-05 10:00:00+07:00,0.0,0.0,0.466,0.463,0.414,0.456,1011.0539,66.37183
2024-06-05 11:00:00+07:00,0.0,0.0,0.464,0.462,0.413,0.456,1010.56067,62.671215
2024-06-05 12:00:00+07:00,0.0,0.0,0.461,0.461,0.413,0.456,1009.66626,61.4963
2024-06-05 13:00:00+07:00,0.0,0.0,0.459,0.46,0.413,0.456,1008.76874,61.703148
2024-06-05 14:00:00+07:00,0.0,0.0,0.457,0.459,0.413,0.456,1007.57117,62.82221
2024-06-05 15:00:00+07:00,0.2,0.2,0.457,0.459,0.413,0.456,1007.45966,69.38536
2024-06-05 16:00:00+07:00,0.8,0.8,0.462,0.458,0.413,0.456,1007.4451,79.00337
2024-06-05 17:00:00+07:00,0.0,0.0,0.462,0.458,0.413,0.456,1007.5478,79.29448
2024-06-05 18:00:00+07:00,0.0,0.0,0.462,0.458,0.413,0.456,1007.73914,89.42806
2024-06-05 19:00:00+07:00,0.0,0.0,0.461,0.458,0.413,0.456,1008.33325,90.44574
2024-06-05 20:00:00+07:00,0.0,0.0,0.445,0.453,0.409,0.456,1009.43506,87.84302
2024-06-05 21:00:00+07:00,0.0,0.0,0.445,0.453,0.409,0.456,1010.0313,86.77289
2024-06-05 22:00:00+07:00,0.0,0.0,0.445,0.453,0.409,0.456,1010.22876,85.452484
2024-06-05 23:00:00+07:00,0.0,0.0,0.445,0.453,0.409,0.456,1010.2249,85.912415
2024-06-06 00:00:00+07:00,0.0,0.0,0.445,0.453,0.409,0.456,1010.0218,88.22304
2024-06-06 01:00:00+07:00,0.0,0.0,0.445,0.453,0.409,0.456,1009.51996,90.885086
2024-06-06 02:00:00+07:00,0.0,0.0,0.445,0.453,0.409,0.456,1009.1177,92.790955
2024-06-06 03:00:00+07:00,0.0,0.0,0.445,0.452,0.409,0.456,1009.2159,91.94281
2024-06-06 04:00:00+07:00,0.0,0.0,0.445,0.452,0.409,0.456,1009.11194,92.74926
2024-06-06 05:00:00+07:00,0.0,0.0,0.445,0.452,0.409,0.456,1009.20953,93.294876
2024-06-06 06:00:00+07:00,0.0,0.0,0.445,0.452,0.409,0.456,1009.2057,94.98661
2024-06-06 07:00:00+07:00,0.0,0.0,0.445,0.452,0.409,0.456,1009.5137,90.00543
2024-06-06 08:00:00+07:00,0.0,0.0,0.441,0.451,0.408,0.456,1010.6342,77.2688
2024-06-06 09:00:00+07:00,0.0,0.0,0.44,0.45,0.408,0.456,1010.0481,71.96489
2024-06-06 10:00:00+07:00,0.0,0.0,0.439,0.449,0.408,0.456,1009.5583,62.719543
2024-06-06 11:00:00+07:00,0.0,0.0,0.437,0.448,0.408,0.456,1009.1657,55.77042
2024-06-06 12:00:00+07:00,0.0,0.0,0.434,0.448,0.408,0.456,1008.27075,53.235504
2024-06-06 13:00:00+07:00,0.0,0.0,0.432,0.447,0.408,0.456,1007.4741,53.135464
2024-06-06 14:00:00+07:00,0.0,0.0,0.43,0.446,0.407,0.456,1006.8701,56.441257
2024-06-06 15:00:00+07:00,0.1,0.1,0.43,0.445,0.407,0.456,1006.16516,62.9093
2024-06-06 16:00:00+07:00,0.0,0.0,0.429,0.444,0.407,0.456,1005.9615,66.29122
2024-06-06 17:00:00+07:00,0.0,0.0,0.428,0.444,0.407,0.456,1006.15436,70.634605
2024-06-06 18:00:00+07:00,0.0,0.0,0.428,0.444,0.407,0.456,1007.044,76.85721
2024-06-06 19:00:00+07:00,0.0,0.0,0.428,0.444,0.407,0.456,1008.2366,83.9887
2024-06-06 20:00:00+07:00,0.0,0.0,0.425,0.442,0.405,0.456,1009.0359,80.31452
2024-06-06 21:00:00+07:00,0.0,0.0,0.425,0.441,0.405,0.456,1010.0319,80.523605
2024-06-06 22:00:00+07:00,0.0,0.0,0.425,0.441,0.405,0.456,1010.427,85.18157
2024-06-06 23:00:00+07:00,0.7,0.7,0.43,0.441,0.405,0.456,1010.4229,82.58871
2024-06-07 00:00:00+07:00,0.4,0.4,0.434,0.441,0.405,0.456,1010.714,91.12692
2024-06-07 01:00:00+07:00,0.1,0.1,0.435,0.441,0.405,0.456,1010.0152,89.75868
2024-06-07 02:00:00+07:00,0.1,0.1,0.435,0.441,0.405,0.456,1009.6135,93.61052
2024-06-07 03:00:00+07:00,0.0,0.0,0.435,0.441,0.405,0.456,1008.9115,96.456085
2024-06-07 04:00:00+07:00,0.0,0.0,0.435,0.441,0.405,0.456,1008.80884,97.32366
2024-06-07 05:00:00+07:00,0.0,0.0,0.435,0.441,0.405,0.456,1008.81036,96.74233
2024-06-07 06:00:00+07:00,0.0,0.0,0.435,0.441,0.405,0.456,1009.00836,97.32366
2024-06-07 07:00:00+07:00,0.0,0.0,0.435,0.441,0.405,0.456,1009.6144,94.18256
2024-06-07 08:00:00+07:00,0.0,0.0,0.434,0.44,0.404,0.456,1009.8339,82.01264
2024-06-07 09:00:00+07:00,0.0,0.0,0.433,0.44,0.404,0.456,1009.94604,72.33695
2024-06-07 10:00:00+07:00,0.0,0.0,0.431,0.439,0.404,0.456,1009.4556,65.143394
2024-06-07 11:00:00+07:00,0.0,0.0,0.43,0.439,0.404,0.456,1009.06213,59.672188
2024-06-07 12:00:00+07:00,0.0,0.0,0.428,0.438,0.404,0.456,1008.16614,57.0841
2024-06-07 13:00:00+07:00,0.0,0.0,0.426,0.437,0.404,0.456,1007.16876,57.45575
2024-06-07 14:00:00+07:00,0.1,0.1,0.425,0.436,0.403,0.456,1006.5647,61.789238
2024-06-07 15:00:00+07:00,0.0,0.0,0.424,0.436,0.403,0.456,1006.1613,65.11234
2024-06-07 16:00:00+07:00,0.0,0.0,0.423,0.435,0.403,0.456,1006.1576,67.40105
2024-06-07 17:00:00+07:00,0.0,0.0,0.422,0.435,0.403,0.456,1006.25165,72.29347
2024-06-07 18:00:00+07:00,0.0,0.0,0.422,0.435,0.403,0.456,1007.0405,81.29701
2024-06-07 19:00:00+07:00,0.3,0.3,0.424,0.435,0.403,0.456,1007.7401,77.969894
2024-06-07 20:00:00+07:00,0.0,0.0,0.417,0.433,0.401,0.456,1007.94257,75.03576
2024-06-07 21:00:00+07:00,0.0,0.0,0.417,0.432,0.401,0.456,1008.6278,87.73252
2024-06-07 22:00:00+07:00,0.0,0.0,0.417,0.432,0.401,0.456,1008.822,88.998825
2024-06-07 23:00:00+07:00,0.0,0.0,0.417,0.432,0.401,0.456,1008.71906,91.41122
2024-06-08 00:00:00+07:00,0.0,0.0,0.417,0.432,0.401,0.456,1009.1189,85.02265
2024-06-08 01:00:00+07:00,0.1,0.1,0.418,0.432,0.401,0.456,1008.91425,86.77697
2024-06-08 02:00:00+07:00,0.1,0.1,0.418,0.432,0.401,0.456,1008.41565,89.72955
2024-06-08 03:00:00+07:00,0.0,0.0,0.418,0.432,0.401,0.456,1008.21375,94.73151
2024-06-08 04:00:00+07:00,0.0,0.0,0.418,0.432,0.401,0.456,1008.1134,93.58965
2024-06-08 05:00:00+07:00,0.0,0.0,0.419,0.432,0.401,0.456,1008.1093,95.28049
2024-06-08 06:00:00+07:00,0.0,0.0,0.419,0.432,0.401,0.456,1008.2069,95.27012
2024-06-08 07:00:00+07:00,0.0,0.0,0.419,0.432,0.401,0.456,1008.61487,89.45428
2024-06-08 08:00:00+07:00,0.0,0.0,0.425,0.431,0.4,0.456,1009.4354,76.081604
2024-06-08 09:00:00+07:00,0.0,0.0,0.424,0.43,0.4,0.456,1009.1483,69.36843
2024-06-08 10:00:00+07:00,0.0,0.0,0.423,0.43,0.4,0.456,1008.7583,63.428177
2024-06-08 11:00:00+07:00,0.0,0.0,0.421,0.429,0.399,0.456,1008.06573,58.46447
2024-06-08 12:00:00+07:00,0.1,0.1,0.42,0.428,0.399,0.455,1007.1707,56.48901
2024-06-08 13:00:00+07:00,0.2,0.2,0.419,0.427,0.399,0.455,1006.77185,56.32968
2024-06-08 14:00:00+07:00,0.5,0.5,0.421,0.427,0.399,0.455,1006.2653,62.73035
2024-06-08 15:00:00+07:00,0.0,0.0,0.421,0.426,0.399,0.455,1005.7653,66.79166
2024-06-08 16:00:00+07:00,0.0,0.0,0.419,0.426,0.399,0.455,1005.66235,67.91613
2024-06-08 17:00:00+07:00,0.0,0.0,0.419,0.426,0.399,0.455,1005.75684,72.614914
2024-06-08 18:00:00+07:00,0.0,0.0,0.419,0.426,0.399,0.455,1006.3449,80.13963
2024-06-08 19:00:00+07:00,0.1,0.1,0.42,0.426,0.399,0.455,1007.33844,82.74125
2024-06-08 20:00:00+07:00,0.0,0.0,0.425,0.425,0.4,0.455,1007.6378,81.02206
2024-06-08 21:00:00+07:00,0.0,0.0,0.424,0.425,0.4,0.455,1008.234,83.448456
2024-06-08 22:00:00+07:00,0.0,0.0,0.424,0.425,0.4,0.455,1008.72833,88.26828
2024-06-08 23:00:00+07:00,0.0,0.0,0.424,0.425,0.4,0.455,1008.5255,89.02976
2024-06-09 00:00:00+07:00,0.1,0.1,0.425,0.425,0.4,0.455,1008.5218,89.25571
2024-06-09 01:00:00+07:00,0.0,0.0,0.425,0.425,0.4,0.455,1008.4195,92.793564
2024-06-09 02:00:00+07:00,0.3,0.3,0.427,0.425,0.4,0.455,1008.41656,92.77276
2024-06-09 03:00:00+07:00,0.3,0.3,0.429,0.425,0.4,0.455,1007.81726,92.48806
2024-06-09 04:00:00+07:00,0.1,0.1,0.429,0.425,0.4,0.455,1007.91284,95.87326
2024-06-09 05:00:00+07:00,0.0,0.0,0.429,0.425,0.4,0.455,1008.6104,95.868706
2024-06-09 06:00:00+07:00,0.0,0.0,0.429,0.425,0.4,0.455,1008.7092,95.86567
2024-06-09 07:00:00+07:00,0.0,0.0,0.429,0.425,0.4,0.455,1009.1142,94.17412
2024-06-09 08:00:00+07:00,0.0,0.0,0.44,0.425,0.4,0.455,1009.2355,83.754425
2024-06-09 09:00:00+07:00,0.0,0.0,0.439,0.425,0.4,0.455,1009.5443,77.43839
2024-06-09 10:00:00+07:00,0.1,0.1,0.438,0.425,0.4,0.455,1009.45245,73.56482
2024-06-09 11:00:00+07:00,0.1,0.1,0.437,0.424,0.4,0.455,1009.25946,70.10266
2024-06-09 12:00:00+07:00,0.2,0.2,0.436,0.424,0.4,0.455,1008.5603,68.430824
2024-06-09 13:00:00+07:00,6.3,6.3,0.51,0.426,0.4,0.455,1008.4317,88.30106
2024-06-09 14:00:00+07:00,0.7,0.7,0.507,0.429,0.4,0.455,1007.5462,78.553246
2024-06-09 15:00:00+07:00,0.5,0.5,0.5,0.432,0.399,0.455,1007.1496,76.75479
2024-06-09 16:00:00+07:00,1.7,1.7,0.512,0.434,0.399,0.455,1007.4465,77.38695
2024-06-09 17:00:00+07:00,2.2,2.2,0.509,0.445,0.399,0.455,1007.63873,83.5045
2024-06-09 18:00:00+07:00,0.0,0.0,0.501,0.447,0.4,0.455,1008.2309,88.81795
2024-06-09 19:00:00+07:00,1.0,1.0,0.507,0.449,0.4,0.455,1009.02325,94.22667
2024-06-09 20:00:00+07:00,0.0,0.0,0.471,0.424,0.398,0.455,1009.4246,90.11466
2024-06-09 21:00:00+07:00,0.0,0.0,0.47,0.424,0.398,0.455,1010.0205,92.54989
2024-06-09 22:00:00+07:00,0.0,0.0,0.468,0.425,0.398,0.455,1010.2179,95.91532
2024-06-09 23:00:00+07:00,0.1,0.1,0.468,0.425,0.398,0.455,1010.0189,95.34729
2024-06-10 00:00:00+07:00,0.0,0.0,0.466,0.425,0.398,0.455,1009.7158,97.93216
2024-06-10 01:00:00+07:00,0.0,0.0,0.465,0.426,0.398,0.455,1009.51587,97.931404
2024-06-10 02:00:00+07:00,0.0,0.0,0.464,0.426,0.398,0.455,1008.914,98.21868
2024-06-10 03:00:00+07:00,0.0,0.0,0.463,0.426,0.398,0.455,1008.91235,98.51141
2024-06-10 04:00:00+07:00,0.0,0.0,0.462,0.427,0.398,0.455,1008.7127,98.21607
2024-06-10 05:00:00+07:00,0.0,0.0,0.461,0.427,0.398,0.455,1008.71155,98.50919
2024-06-10 06:00:00+07:00,0.0,0.0,0.46,0.427,0.398,0.455,1008.71155,98.21336
2024-06-10 07:00:00+07:00,0.0,0.0,0.46,0.427,0.398,0.455,1009.0198,94.48828
2024-06-10 08:00:00+07:00,0.0,0.0,0.456,0.427,0.399,0.455,1010.03577,79.873405
2024-06-10 09:00:00+07:00,0.0,0.0,0.454,0.427,0.399,0.455,1009.84784,72.380325
2024-06-10 10:00:00+07:00,0.0,0.0,0.452,0.427,0.399,0.455,1009.45715,67.78068
2024-06-10 11:00:00+07:00,0.0,0.0,0.449,0.426,0.399,0.455,1008.8657,62.34959
2024-06-10 12:00:00+07:00,0.0,0.0,0.447,0.425,0.399,0.455,1008.17096,59.73084
2024-06-10 13:00:00+07:00,0.0,0.0,0.444,0.425,0.398,0.455,1007.6703,62.238743
2024-06-10 14:00:00+07:00,0.2,0.2,0.443,0.424,0.398,0.455,1006.76605,67.887596
2024-06-10 15:00:00+07:00,0.1,0.1,0.442,0.424,0.398,0.455,1006.36,73.59818
2024-06-10 16:00:00+07:00,0.1,0.1,0.441,0.424,0.398,0.455,1006.35876,72.25925
2024-06-10 17:00:00+07:00,0.0,0.0,0.44,0.424,0.398,0.455,1007.15485,74.17622
2024-06-10 18:00:00+07:00,0.0,0.0,0.44,0.424,0.398,0.455,1008.04425,83.61028
2024-06-10 19:00:00+07:00,4.5,4.5,0.497,0.424,0.398,0.455,1009.22815,89.07592
2024-06-10 20:00:00+07:00,0.6,0.6,0.462,0.423,0.398,0.455,1009.82166,97.94511
2024-06-10 21:00:00+07:00,0.1,0.1,0.462,0.423,0.398,0.455,1010.42316,95.372604
2024-06-10 22:00:00+07:00,0.1,0.1,0.462,0.423,0.398,0.455,1010.52295,95.656204
2024-06-10 23:00:00+07:00,1.0,1.0,0.474,0.424,0.398,0.455,1010.42163,94.51622
2024-06-11 00:00:00+07:00,0.1,0.1,0.473,0.424,0.398,0.455,1010.3199,95.35574
2024-06-11 01:00:00+07:00,0.0,0.0,0.472,0.425,0.398,0.455,1009.81915,94.49428
2024-06-11 02:00:00+07:00,0.1,0.1,0.471,0.425,0.398,0.455,1009.51526,96.76386
2024-06-11 03:00:00+07:00,4.0,4.0,0.494,0.436,0.398,0.455,1009.4148,95.895874
2024-06-11 04:00:00+07:00,3.5,3.5,0.51,0.446,0.398,0.455,1010.20844,96.74593
2024-06-11 05:00:00+07:00,0.6,0.6,0.505,0.451,0.398,0.455,1010.20807,94.15077
2024-06-11 06:00:00+07:00,0.0,0.0,0.499,0.453,0.398,0.455,1010.2059,95.28568
2024-06-11 07:00:00+07:00,0.0,0.0,0.495,0.454,0.398,0.455,1010.81036,93.888596
2024-06-11 08:00:00+07:00,0.0,0.0,0.492,0.462,0.399,0.455,1011.3268,86.74541
2024-06-11 09:00:00+07:00,0.0,0.0,0.489,0.463,0.399,0.455,1011.23773,78.53919
2024-06-11 10:00:00+07:00,0.0,0.0,0.486,0.462,0.399,0.455,1011.14655,73.94689
2024-06-11 11:00:00+07:00,0.0,0.0,0.483,0.462,0.399,0.455,1010.55023,70.97397
2024-06-11 12:00:00+07:00,0.4,0.4,0.484,0.462,0.399,0.455,1010.02997,84.449844
2024-06-11 13:00:00+07:00,0.8,0.8,0.489,0.462,0.399,0.455,1009.7294,83.92314
2024-06-11 14:00:00+07:00,2.8,2.8,0.51,0.466,0.399,0.455,1008.829,85.16123
2024-06-11 15:00:00+07:00,0.1,0.1,0.503,0.468,0.399,0.455,1008.7394,81.57799
2024-06-11 16:00:00+07:00,0.1,0.1,0.498,0.468,0.399,0.455,1008.5407,79.66782
2024-06-11 17:00:00+07:00,1.1,1.1,0.505,0.469,0.399,0.455,1008.83246,82.69452
2024-06-11 18:00:00+07:00,1.5,1.5,0.511,0.474,0.399,0.455,1009.81494,95.89889
2024-06-11 19:00:00+07:00,0.2,0.2,0.505,0.476,0.399,0.455,1010.3092,96.1686
2024-06-11 20:00:00+07:00,0.0,0.0,0.498,0.469,0.397,0.455,1010.91614,93.08533
2024-06-11 21:00:00+07:00,0.0,0.0,0.495,0.469,0.397,0.455,1011.81177,94.76022
2024-06-11 22:00:00+07:00,0.0,0.0,0.493,0.47,0.397,0.455,1011.7094,96.18122
2024-06-11 23:00:00+07:00,0.0,0.0,0.491,0.47,0.397,0.455,1011.5096,94.74496
2024-06-12 00:00:00+07:00,0.0,0.0,0.489,0.471,0.397,0.455,1010.7086,96.17001
2024-06-12 01:00:00+07:00,0.0,0.0,0.488,0.471,0.397,0.455,1010.60474,97.32269
2024-06-12 02:00:00+07:00,0.0,0.0,0.486,0.471,0.397,0.455,1009.80835,97.03462
2024-06-12 03:00:00+07:00,0.0,0.0,0.485,0.471,0.397,0.455,1009.7081,97.32668
2024-06-12 04:00:00+07:00,0.0,0.0,0.484,0.471,0.397,0.455,1009.6087,97.327644
2024-06-12 05:00:00+07:00,0.0,0.0,0.483,0.471,0.397,0.455,1010.1064,97.324715
2024-06-12 06:00:00+07:00,0.0,0.0,0.482,0.471,0.397,0.455,1010.60376,97.02584
2024-06-12 07:00:00+07:00,0.0,0.0,0.481,0.471,0.398,0.455,1011.10913,93.88412
2024-06-12 08:00:00+07:00,0.0,0.0,0.478,0.471,0.396,0.455,1011.92456,88.56505
2024-06-12 09:00:00+07:00,0.1,0.1,0.477,0.47,0.396,0.455,1011.93536,78.75351
2024-06-12 10:00:00+07:00,0.0,0.0,0.475,0.47,0.396,0.455,1012.0447,71.76698
2024-06-12 11:00:00+07:00,0.1,0.1,0.474,0.469,0.396,0.455,1011.05304,67.96468
2024-06-12 12:00:00+07:00,2.0,2.0,0.495,0.468,0.396,0.455,1010.3433,74.94656
2024-06-12 13:00:00+07:00,0.2,0.2,0.493,0.469,0.396,0.455,1009.4426,78.79534
2024-06-12 14:00:00+07:00,0.1,0.1,0.49,0.469,0.396,0.455,1008.7516,75.51491
2024-06-12 15:00:00+07:00,1.7,1.7,0.507,0.469,0.396,0.455,1008.5442,77.15554
2024-06-12 16:00:00+07:00,2.7,2.7,0.508,0.478,0.396,0.455,1008.6355,81.994484
2024-06-12 17:00:00+07:00,2.1,2.1,0.509,0.486,0.396,0.455,1009.5232,87.69817
2024-06-12 18:00:00+07:00,0.1,0.1,0.505,0.487,0.397,0.455,1010.31714,92.248344
2024-06-12 19:00:00+07:00,0.0,0.0,0.502,0.488,0.397,0.455,1010.6117,93.89521
2024-06-12 20:00:00+07:00,0.1,0.1,0.504,0.498,0.395,0.455,1011.4116,96.18687
2024-06-12 21:00:00+07:00,0.0,0.0,0.502,0.497,0.395,0.455,1011.7098,95.034004
2024-06-12 22:00:00+07:00,0.0,0.0,0.5,0.497,0.395,0.455,1011.8077,95.88533
2024-06-12 23:00:00+07:00,0.0,0.0,0.498,0.496,0.396,0.455,1011.50726,95.30632
2024-06-13 00:00:00+07:00,0.0,0.0,0.497,0.496,0.396,0.455,1010.9076,96.167175
2024-06-13 01:00:00+07:00,0.0,0.0,0.496,0.495,0.396,0.455,1010.3073,96.74233
2024-06-13 02:00:00+07:00,0.0,0.0,0.495,0.494,0.397,0.455,1009.6068,97.32269
2024-06-13 03:00:00+07:00,0.0,0.0,0.494,0.494,0.397,0.455,1009.30554,98.79999
2024-06-13 04:00:00+07:00,0.0,0.0,0.493,0.493,0.397,0.455,1009.405,98.799576
2024-06-13 05:00:00+07:00,0.0,0.0,0.492,0.493,0.397,0.455,1009.8004,99.09474
2024-06-13 06:00:00+07:00,0.0,0.0,0.492,0.492,0.398,0.455,1010.1033,98.79908
2024-06-13 07:00:00+07:00,0.0,0.0,0.491,0.491,0.398,0.455,1010.5084,96.45739
2024-06-13 08:00:00+07:00,0.0,0.0,0.492,0.499,0.4,0.455,1010.427,87.24759
2024-06-13 09:00:00+07:00,0.0,0.0,0.491,0.498,0.4,0.455,1010.5357,80.60777
2024-06-13 10:00:00+07:00,0.1,0.1,0.49,0.496,0.4,0.455,1010.14624,73.0086
2024-06-13 11:00:00+07:00,0.2,0.2,0.489,0.495,0.401,0.455,1009.8498,73.74292
2024-06-13 12:00:00+07:00,0.2,0.2,0.488,0.494,0.401,0.454,1008.55524,71.213646
2024-06-13 13:00:00+07:00,0.0,0.0,0.486,0.492,0.401,0.454,1008.05975,69.62121
2024-06-13 14:00:00+07:00,0.1,0.1,0.485,0.491,0.401,0.454,1007.358,70.3755
2024-06-13 15:00:00+07:00,9.2,9.2,0.509,0.512,0.402,0.454,1007.43976,79.60722
2024-06-13 16:00:00+07:00,0.2,0.2,0.508,0.509,0.402,0.454,1007.13855,82.48778
2024-06-13 17:00:00+07:00,0.4,0.4,0.508,0.508,0.403,0.454,1007.7335,87.779434
2024-06-13 18:00:00+07:00,0.2,0.2,0.507,0.507,0.404,0.454,1008.42474,94.792465
2024-06-13 19:00:00+07:00,0.0,0.0,0.505,0.505,0.404,0.454,1008.6187,95.61805
2024-06-13 20:00:00+07:00,0.0,0.0,0.489,0.489,0.402,0.454,1008.9314,87.000496
2024-06-13 21:00:00+07:00,0.0,0.0,0.489,0.488,0.402,0.454,1009.5267,89.86674
2024-06-13 22:00:00+07:00,0.0,0.0,0.488,0.488,0.402,0.454,1009.6223,94.228745
2024-06-13 23:00:00+07:00,0.0,0.0,0.487,0.487,0.403,0.454,1009.52057,95.06646
2024-06-14 00:00:00+07:00,0.0,0.0,0.487,0.487,0.403,0.454,1009.1199,94.20783
2024-06-14 01:00:00+07:00,0.0,0.0,0.486,0.486,0.403,0.454,1008.5192,94.197334
2024-06-14 02:00:00+07:00,0.0,0.0,0.486,0.486,0.403,0.454,1008.019,94.75636
2024-06-14 03:00:00+07:00,0.0,0.0,0.485,0.486,0.403,0.454,1007.81976,94.191025
2024-06-14 04:00:00+07:00,0.3,0.3,0.487,0.485,0.403,0.454,1008.51794,92.783165
2024-06-14 05:00:00+07:00,0.1,0.1,0.487,0.485,0.404,0.454,1008.41626,95.605225
2024-06-14 06:00:00+07:00,2.1,2.1,0.511,0.486,0.404,0.454,1009.01086,96.74593
2024-06-14 07:00:00+07:00,0.1,0.1,0.506,0.487,0.404,0.454,1009.213,95.30976
2024-06-14 08:00:00+07:00,0.0,0.0,0.487,0.491,0.404,0.454,1008.93744,82.534935
2024-06-14 09:00:00+07:00,0.0,0.0,0.486,0.49,0.405,0.454,1009.04785,74.31633
2024-06-14 10:00:00+07:00,0.1,0.1,0.484,0.489,0.405,0.454,1008.4557,67.88695
2024-06-14 11:00:00+07:00,0.1,0.1,0.482,0.487,0.405,0.454,1007.6627,63.502934
2024-06-14 12:00:00+07:00,0.2,0.2,0.481,0.486,0.405,0.454,1006.6667,62.428642
2024-06-14 13:00:00+07:00,0.1,0.1,0.48,0.485,0.405,0.454,1006.0678,65.11274
2024-06-14 14:00:00+07:00,0.0,0.0,0.478,0.484,0.405,0.454,1005.36835,67.46385
2024-06-14 15:00:00+07:00,0.0,0.0,0.476,0.483,0.405,0.454,1004.76447,71.04588
2024-06-14 16:00:00+07:00,6.5,6.5,0.52,0.492,0.405,0.454,1005.4467,79.90004
2024-06-14 17:00:00+07:00,1.0,1.0,0.508,0.499,0.405,0.454,1005.742,82.74702
2024-06-14 18:00:00+07:00,0.1,0.1,0.505,0.498,0.406,0.454,1006.4314,90.66221
2024-06-14 19:00:00+07:00,0.1,0.1,0.504,0.498,0.406,0.454,1007.0257,94.21831
2024-06-14 20:00:00+07:00,0.0,0.0,0.494,0.485,0.405,0.454,1007.63086,90.40857
2024-06-14 21:00:00+07:00,0.0,0.0,0.492,0.485,0.405,0.454,1008.02686,92.56586
2024-06-14 22:00:00+07:00,0.0,0.0,0.491,0.485,0.405,0.454,1008.5249,92.83488
2024-06-14 23:00:00+07:00,0.0,0.0,0.49,0.485,0.405,0.454,1008.422,95.63083
2024-06-15 00:00:00+07:00,0.0,0.0,0.489,0.484,0.406,0.454,1008.4257,91.18995
2024-06-15 01:00:00+07:00,3.6,3.6,0.505,0.493,0.406,0.454,1008.8148,97.92605
2024-06-15 02:00:00+07:00,0.1,0.1,0.503,0.493,0.406,0.454,1007.91437,96.17001
2024-06-15 03:00:00+07:00,0.1,0.1,0.501,0.493,0.406,0.454,1007.31506,96.45739
2024-06-15 04:00:00+07:00,0.0,0.0,0.5,0.493,0.407,0.454,1008.11053,97.324715
2024-06-15 05:00:00+07:00,0.0,0.0,0.498,0.493,0.407,0.454,1008.9086,97.32366
2024-06-15 06:00:00+07:00,0.0,0.0,0.497,0.493,0.407,0.454,1009.0086,96.44697
2024-06-15 07:00:00+07:00,0.0,0.0,0.495,0.492,0.407,0.454,1008.61237,96.74834
2024-06-15 08:00:00+07:00,0.1,0.1,0.508,0.51,0.41,0.454,1009.2238,90.91417
2024-06-15 09:00:00+07:00,0.0,0.0,0.505,0.508,0.411,0.454,1009.0372,81.06638
2024-06-15 10:00:00+07:00,0.0,0.0,0.502,0.506,0.412,0.454,1008.5479,74.29998
2024-06-15 11:00:00+07:00,0.1,0.1,0.5,0.504,0.412,0.454,1007.5569,70.99198
2024-06-15 12:00:00+07:00,0.1,0.1,0.497,0.503,0.412,0.454,1006.4639,66.59155
2024-06-15 13:00:00+07:00,0.1,0.1,0.495,0.501,0.413,0.454,1005.6706,63.811287
2024-06-15 14:00:00+07:00,0.1,0.1,0.493,0.499,0.413,0.454,1005.0727,65.39029
2024-06-15 15:00:00+07:00,1.8,1.8,0.51,0.499,0.413,0.454,1005.2484,79.21254
2024-06-15 16:00:00+07:00,0.3,0.3,0.507,0.499,0.413,0.454,1005.94604,78.71857
2024-06-15 17:00:00+07:00,0.4,0.4,0.507,0.499,0.414,0.454,1005.64246,82.01264
2024-06-15 18:00:00+07:00,0.1,0.1,0.504,0.499,0.414,0.454,1005.93494,87.75389
2024-06-15 19:00:00+07:00,0.0,0.0,0.502,0.498,0.414,0.454,1006.7286,90.910965
2024-06-15 20:00:00+07:00,0.0,0.0,0.487,0.493,0.414,0.454,1006.83575,90.70836
2024-06-15 21:00:00+07:00,0.0,0.0,0.487,0.492,0.414,0.454,1007.4303,92.03171
2024-06-15 22:00:00+07:00,0.0,0.0,0.486,0.492,0.414,0.454,1007.82635,93.950165
2024-06-15 23:00:00+07:00,0.0,0.0,0.486,0.491,0.415,0.454,1007.5238,95.9168
2024-06-16 00:00:00+07:00,0.0,0.0,0.485,0.491,0.415,0.454,1007.3224,96.1966
2024-06-16 01:00:00+07:00,2.4,2.4,0.515,0.49,0.415,0.454,1007.71826,95.895874
2024-06-16 02:00:00+07:00,5.4,5.4,0.514,0.51,0.415,0.454,1007.5152,96.75078
2024-06-16 03:00:00+07:00,0.2,0.2,0.511,0.509,0.416,0.454,1007.5165,95.02314
2024-06-16 04:00:00+07:00,0.0,0.0,0.508,0.508,0.417,0.454,1007.1139,96.450874
2024-06-16 05:00:00+07:00,0.0,0.0,0.506,0.507,0.417,0.454,1007.61383,96.45477
2024-06-16 06:00:00+07:00,0.0,0.0,0.505,0.506,0.418,0.454,1007.80865,98.20471
2024-06-16 07:00:00+07:00,0.0,0.0,0.503,0.505,0.418,0.454,1008.4137,94.448074
2024-06-16 08:00:00+07:00,0.3,0.3,0.498,0.502,0.418,0.454,1009.513,95.0268
2024-06-16 09:00:00+07:00,0.1,0.1,0.498,0.501,0.419,0.454,1009.71765,92.5231
2024-06-16 10:00:00+07:00,0.0,0.0,0.497,0.5,0.419,0.454,1009.8261,86.43493
2024-06-16 11:00:00+07:00,0.0,0.0,0.495,0.499,0.419,0.454,1009.03876,76.59604
2024-06-16 12:00:00+07:00,0.1,0.1,0.493,0.498,0.419,0.454,1007.9514,71.50773
2024-06-16 13:00:00+07:00,0.0,0.0,0.49,0.496,0.42,0.454,1007.1587,70.5955
2024-06-16 14:00:00+07:00,0.1,0.1,0.489,0.495,0.42,0.454,1006.26013,71.649445
2024-06-16 15:00:00+07:00,0.1,0.1,0.487,0.494,0.42,0.454,1005.7603,72.918
2024-06-16 16:00:00+07:00,0.1,0.1,0.487,0.493,0.42,0.454,1005.55475,76.107765
2024-06-16 17:00:00+07:00,0.0,0.0,0.486,0.492,0.42,0.454,1005.9482,79.47705
2024-06-16 18:00:00+07:00,0.5,0.5,0.489,0.492,0.42,0.454,1006.93634,85.72353
2024-06-16 19:00:00+07:00,0.0,0.0,0.488,0.491,0.42,0.454,1007.5316,89.87748
2024-06-16 20:00:00+07:00,0.2,0.2,0.481,0.49,0.421,0.454,1007.8248,92.547195
2024-06-16 21:00:00+07:00,0.2,0.2,0.482,0.49,0.421,0.454,1008.822,91.98888
2024-06-16 22:00:00+07:00,0.0,0.0,0.482,0.489,0.421,0.454,1008.91907,93.919495
2024-06-16 23:00:00+07:00,0.0,0.0,0.482,0.489,0.421,0.454,1008.91583,96.473
2024-06-17 00:00:00+07:00,0.0,0.0,0.481,0.488,0.422,0.454,1008.8139,97.92375
2024-06-17 01:00:00+07:00,0.0,0.0,0.481,0.488,0.422,0.454,1008.31586,97.048805
2024-06-17 02:00:00+07:00,0.0,0.0,0.481,0.487,0.422,0.454,1007.81555,97.04445
2024-06-17 03:00:00+07:00,0.0,0.0,0.481,0.487,0.422,0.454,1007.5121,98.21005
2024-06-17 04:00:00+07:00,0.0,0.0,0.48,0.486,0.422,0.454,1007.6113,97.91291
2024-06-17 05:00:00+07:00,0.0,0.0,0.48,0.486,0.422,0.454,1007.9097,98.206726
2024-06-17 06:00:00+07:00,0.0,0.0,0.48,0.486,0.422,0.454,1008.4071,98.50142
2024-06-17 07:00:00+07:00,0.0,0.0,0.479,0.485,0.423,0.454,1009.0153,96.18265
2024-06-17 08:00:00+07:00,0.0,0.0,0.48,0.485,0.423,0.454,1009.3334,85.75296
2024-06-17 09:00:00+07:00,0.0,0.0,0.478,0.485,0.423,0.454,1009.24493,76.51806
2024-06-17 10:00:00+07:00,0.1,0.1,0.477,0.484,0.423,0.454,1009.0542,68.081665
2024-06-17 11:00:00+07:00,0.1,0.1,0.475,0.483,0.423,0.454,1008.26184,63.705276
2024-06-17 12:00:00+07:00,0.1,0.1,0.474,0.482,0.423,0.454,1007.4654,62.06416
2024-06-17 13:00:00+07:00,0.2,0.2,0.473,0.481,0.423,0.454,1006.66473,63.502934
2024-06-17 14:00:00+07:00,0.2,0.2,0.473,0.48,0.423,0.454,1006.1611,67.09458
2024-06-17 15:00:00+07:00,0.1,0.1,0.473,0.479,0.423,0.454,1005.75806,69.8719
2024-06-17 16:00:00+07:00,0.0,0.0,0.472,0.478,0.423,0.454,1005.65765,68.809654
2024-06-17 17:00:00+07:00,0.0,0.0,0.471,0.478,0.423,0.454,1006.1538,71.68747
2024-06-17 18:00:00+07:00,0.0,0.0,0.471,0.478,0.423,0.454,1006.9411,79.853355
2024-06-17 19:00:00+07:00,0.0,0.0,0.471,0.477,0.423,0.454,1008.33386,80.73402
2024-06-17 20:00:00+07:00,0.0,0.0,0.462,0.475,0.423,0.454,1008.7394,79.64766
2024-06-17 21:00:00+07:00,0.0,0.0,0.462,0.475,0.424,0.454,1009.73035,82.44043
2024-06-17 22:00:00+07:00,0.0,0.0,0.462,0.474,0.424,0.454,1009.7271,86.96892
2024-06-17 23:00:00+07:00,0.0,0.0,0.462,0.474,0.424,0.454,1009.4246,90.384766
2024-06-18 00:00:00+07:00,0.0,0.0,0.462,0.474,0.424,0.454,1009.1214,93.097755
2024-06-18 01:00:00+07:00,0.0,0.0,0.462,0.473,0.424,0.454,1008.92,93.6428
2024-06-18 02:00:00+07:00,0.0,0.0,0.462,0.473,0.424,0.454,1008.21857,94.472275
2024-06-18 03:00:00+07:00,0.0,0.0,0.462,0.473,0.424,0.454,1008.0164,95.028595
2024-06-18 04:00:00+07:00,0.0,0.0,0.462,0.473,0.424,0.454,1007.9132,96.74593
2024-06-18 05:00:00+07:00,0.0,0.0,0.462,0.472,0.424,0.454,1007.9097,97.91062
2024-06-18 06:00:00+07:00,0.0,0.0,0.462,0.472,0.424,0.454,1008.3083,97.61351
2024-06-18 07:00:00+07:00,0.0,0.0,0.462,0.472,0.424,0.454,1008.7154,93.328804
2024-06-18 08:00:00+07:00,0.0,0.0,0.462,0.472,0.424,0.454,1009.2345,82.24682
2024-06-18 09:00:00+07:00,0.0,0.0,0.461,0.471,0.424,0.454,1009.4442,74.47416
2024-06-18 10:00:00+07:00,0.0,0.0,0.459,0.47,0.424,0.454,1009.65015,69.45298
2024-06-18 11:00:00+07:00,3.9,3.9,0.506,0.47,0.424,0.454,1009.73096,81.71199
2024-06-18 12:00:00+07:00,0.1,0.1,0.501,0.472,0.424,0.454,1008.33923,80.836586
2024-06-18 13:00:00+07:00,0.0,0.0,0.497,0.472,0.424,0.454,1007.249,76.74726
2024-06-18 14:00:00+07:00,0.1,0.1,0.494,0.472,0.424,0.454,1006.7491,77.41638
2024-06-18 15:00:00+07:00,0.0,0.0,0.491,0.472,0.424,0.454,1005.95264,75.63086
2024-06-18 16:00:00+07:00,0.0,0.0,0.488,0.472,0.424,0.454,1006.0518,75.389084
2024-06-18 17:00:00+07:00,0.5,0.5,0.491,0.472,0.424,0.454,1006.8435,78.233406
2024-06-18 18:00:00+07:00,1.7,1.7,0.506,0.474,0.424,0.454,1007.7252,91.72235
2024-06-18 19:00:00+07:00,0.1,0.1,0.502,0.476,0.424,0.454,1008.6181,93.34564
2024-06-18 20:00:00+07:00,1.5,1.5,0.502,0.469,0.423,0.454,1008.8237,92.27607
2024-06-18 21:00:00+07:00,1.3,1.3,0.512,0.471,0.423,0.454,1009.7151,88.67159
2024-06-18 22:00:00+07:00,0.1,0.1,0.505,0.474,0.423,0.454,1009.31476,93.89744
2024-06-18 23:00:00+07:00,0.0,0.0,0.5,0.475,0.423,0.454,1008.9193,87.37317
2024-06-19 00:00:00+07:00,0.0,0.0,0.497,0.476,0.423,0.454,1008.8158,90.832924
2024-06-19 01:00:00+07:00,0.0,0.0,0.495,0.476,0.423,0.454,1008.51984,88.165054
2024-06-19 02:00:00+07:00,0.0,0.0,0.493,0.477,0.423,0.454,1007.61444,96.45739
2024-06-19 03:00:00+07:00,0.0,0.0,0.491,0.477,0.423,0.454,1007.11176,97.61617
2024-06-19 04:00:00+07:00,0.0,0.0,0.49,0.477,0.423,0.454,1007.209,97.905975
2024-06-19 05:00:00+07:00,0.0,0.0,0.488,0.477,0.424,0.454,1007.8084,97.316765
2024-06-19 06:00:00+07:00,0.0,0.0,0.487,0.477,0.424,0.454,1008.00696,97.609085
2024-06-19 07:00:00+07:00,0.0,0.0,0.486,0.477,0.424,0.454,1008.7131,95.88228
2024-06-19 08:00:00+07:00,0.0,0.0,0.472,0.469,0.423,0.454,1008.932,84.698
2024-06-19 09:00:00+07:00,0.0,0.0,0.471,0.468,0.423,0.454,1008.8446,74.003334
2024-06-19 10:00:00+07:00,0.0,0.0,0.469,0.468,0.423,0.454,1008.0553,67.44041
2024-06-19 11:00:00+07:00,0.0,0.0,0.467,0.467,0.423,0.454,1007.46216,64.24123
2024-06-19 12:00:00+07:00,0.0,0.0,0.465,0.466,0.423,0.453,1006.56647,62.04227
2024-06-19 13:00:00+07:00,0.0,0.0,0.463,0.465,0.423,0.453,1005.57135,60.102806
2024-06-19 14:00:00+07:00,0.0,0.0,0.461,0.464,0.423,0.453,1004.57623,58.062973
2024-06-19 15:00:00+07:00,0.0,0.0,0.459,0.464,0.423,0.453,1003.7769,58.203915
2024-06-19 16:00:00+07:00,0.0,0.0,0.458,0.463,0.423,0.453,1003.6715,60.526222
2024-06-19 17:00:00+07:00,0.0,0.0,0.457,0.463,0.423,0.453,1004.1594,68.979294
2024-06-19 18:00:00+07:00,0.0,0.0,0.457,0.463,0.423,0.453,1004.65027,74.6089
2024-06-19 19:00:00+07:00,0.0,0.0,0.457,0.462,0.423,0.453,1005.54333,78.885506
2024-06-19 20:00:00+07:00,0.0,0.0,0.453,0.459,0.421,0.453,1006.1393,80.510635
2024-06-19 21:00:00+07:00,0.0,0.0,0.452,0.459,0.421,0.453,1006.73303,83.63244
2024-06-19 22:00:00+07:00,0.0,0.0,0.452,0.459,0.421,0.453,1007.1282,87.172
2024-06-19 23:00:00+07:00,0.0,0.0,0.452,0.459,0.421,0.453,1006.9269,87.68101
2024-06-20 00:00:00+07:00,0.0,0.0,0.452,0.459,0.421,0.453,1006.62726,85.585045
2024-06-20 01:00:00+07:00,0.0,0.0,0.452,0.459,0.421,0.453,1006.32635,85.56013
2024-06-20 02:00:00+07:00,0.0,0.0,0.452,0.459,0.421,0.453,1005.6255,86.050705
2024-06-20 03:00:00+07:00,0.0,0.0,0.452,0.458,0.421,0.453,1005.3211,88.90523
2024-06-20 04:00:00+07:00,0.0,0.0,0.452,0.458,0.421,0.453,1005.11395,94.12302
2024-06-20 05:00:00+07:00,0.0,0.0,0.452,0.458,0.421,0.453,1005.4066,97.001495
2024-06-20 06:00:00+07:00,0.0,0.0,0.452,0.458,0.422,0.453,1006.3011,98.183876
2024-06-20 07:00:00+07:00,0.0,0.0,0.452,0.458,0.422,0.453,1007.11176,94.70647
2024-06-20 08:00:00+07:00,0.0,0.0,0.451,0.457,0.422,0.453,1007.93176,84.41262
2024-06-20 09:00:00+07:00,0.0,0.0,0.45,0.457,0.422,0.453,1007.94507,73.52572
2024-06-20 10:00:00+07:00,0.0,0.0,0.448,0.456,0.422,0.453,1007.8548,62.872837
2024-06-20 11:00:00+07:00,0.0,0.0,0.446,0.455,0.421,0.453,1007.2616,59.342556
2024-06-20 12:00:00+07:00,0.0,0.0,0.444,0.454,0.421,0.453,1006.3676,56.14986
2024-06-20 13:00:00+07:00,0.0,0.0,0.442,0.453,0.421,0.453,1005.6725,53.752926
2024-06-20 14:00:00+07:00,0.0,0.0,0.439,0.453,0.421,0.453,1004.6757,53.311306
2024-06-20 15:00:00+07:00,0.0,0.0,0.438,0.452,0.421,0.453,1004.2765,53.311306
2024-06-20 16:00:00+07:00,0.0,0.0,0.437,0.451,0.421,0.453,1004.2736,56.381454
2024-06-20 17:00:00+07:00,0.0,0.0,0.436,0.451,0.421,0.453,1004.6628,77.16253
2024-06-20 18:00:00+07:00,0.0,0.0,0.436,0.451,0.421,0.453,1005.24866,69.58238
2024-06-20 19:00:00+07:00,0.0,0.0,0.436,0.451,0.421,0.453,1006.23755,75.06233
2024-06-20 20:00:00+07:00,0.0,0.0,0.436,0.45,0.42,0.453,1007.53296,77.810295
2024-06-20 21:00:00+07:00,0.0,0.0,0.436,0.45,0.42,0.453,1008.02686,80.34718
2024-06-20 22:00:00+07:00,0.0,0.0,0.436,0.45,0.42,0.453,1008.52234,82.51175
2024-06-20 23:00:00+07:00,0.0,0.0,0.436,0.45,0.42,0.453,1008.3213,82.98576
2024-06-21 00:00:00+07:00,0.0,0.0,0.436,0.45,0.42,0.453,1008.21954,82.20096
2024-06-21 01:00:00+07:00,0.0,0.0,0.436,0.449,0.42,0.453,1007.6173,83.66262
2024-06-21 02:00:00+07:00,0.0,0.0,0.436,0.449,0.42,0.453,1007.0131,87.511375
2024-06-21 03:00:00+07:00,0.0,0.0,0.436,0.449,0.42,0.453,1006.71185,88.29243
2024-06-21 04:00:00+07:00,0.0,0.0,0.436,0.449,0.42,0.453,1006.6105,87.73612
2024-06-21 05:00:00+07:00,0.0,0.0,0.436,0.449,0.42,0.453,1007.0043,91.811165
2024-06-21 06:00:00+07:00,0.0,0.0,0.436,0.449,0.42,0.453,1007.59955,94.93667
2024-06-21 07:00:00+07:00,0.0,0.0,0.436,0.449,0.42,0.453,1008.1099,89.11792
2024-06-21 08:00:00+07:00,0.0,0.0,0.435,0.448,0.42,0.453,1008.93066,78.528496
2024-06-21 09:00:00+07:00,0.0,0.0,0.434,0.447,0.42,0.453,1009.0441,68.202545
2024-06-21 10:00:00+07:00,0.0,0.0,0.432,0.446,0.42,0.453,1008.4551,60.854946
2024-06-21 11:00:00+07:00,0.0,0.0,0.431,0.446,0.42,0.453,1007.3637,56.594643
2024-06-21 12:00:00+07:00,0.0,0.0,0.429,0.445,0.419,0.453,1006.47015,52.749084
2024-06-21 13:00:00+07:00,0.0,0.0,0.426,0.444,0.419,0.453,1005.77405,50.162342
2024-06-21 14:00:00+07:00,0.0,0.0,0.425,0.443,0.419,0.453,1005.37683,47.970448
2024-06-21 15:00:00+07:00,0.0,0.0,0.423,0.442,0.419,0.453,1004.87665,49.26897
2024-06-21 16:00:00+07:00,0.0,0.0,0.422,0.442,0.419,0.453,1005.06793,58.514416
2024-06-21 17:00:00+07:00,0.0,0.0,0.421,0.441,0.419,0.453,1005.4552,69.34957
2024-06-21 18:00:00+07:00,0.0,0.0,0.421,0.441,0.419,0.453,1006.3427,76.33496
2024-06-21 19:00:00+07:00,0.0,0.0,0.421,0.441,0.419,0.453,1007.4363,78.822716
2024-06-21 20:00:00+07:00,0.3,0.3,0.425,0.441,0.419,0.453,1008.8214,83.76869
2024-06-21 21:00:00+07:00,0.0,0.0,0.425,0.441,0.419,0.453,1009.61884,86.070076
2024-06-21 22:00:00+07:00,0.0,0.0,0.425,0.441,0.419,0.453,1009.5174,87.10022
2024-06-21 23:00:00+07:00,0.0,0.0,0.425,0.441,0.419,0.453,1009.31573,89.47666
2024-06-22 00:00:00+07:00,0.0,0.0,0.425,0.441,0.419,0.453,1009.31415,90.55203
2024-06-22 01:00:00+07:00,0.0,0.0,0.425,0.441,0.419,0.453,1008.81195,93.025154
2024-06-22 02:00:00+07:00,0.0,0.0,0.426,0.441,0.419,0.453,1008.3124,93.020096
2024-06-22 03:00:00+07:00,0.0,0.0,0.426,0.441,0.419,0.453,1007.8109,92.72037
2024-06-22 04:00:00+07:00,0.0,0.0,0.426,0.441,0.419,0.453,1008.0073,94.11871
2024-06-22 05:00:00+07:00,0.0,0.0,0.426,0.441,0.419,0.453,1008.5046,94.971924
2024-06-22 06:00:00+07:00,0.0,0.0,0.426,0.44,0.419,0.453,1008.70074,96.709656
2024-06-22 07:00:00+07:00,0.0,0.0,0.426,0.44,0.419,0.453,1008.9105,91.337074
2024-06-22 08:00:00+07:00,0.0,0.0,0.421,0.439,0.418,0.453,1009.7294,83.169914
2024-06-22 09:00:00+07:00,0.0,0.0,0.42,0.438,0.418,0.453,1009.7395,74.15216
2024-06-22 10:00:00+07:00,0.0,0.0,0.419,0.438,0.418,0.453,1009.1496,66.32997
2024-06-22 11:00:00+07:00,0.0,0.0,0.418,0.437,0.418,0.453,1008.3569,61.46959
2024-06-22 12:00:00+07:00,0.0,0.0,0.417,0.436,0.418,0.453,1007.66345,58.182323
2024-06-22 13:00:00+07:00,0.0,0.0,0.415,0.436,0.418,0.453,1006.8669,56.161892
2024-06-22 14:00:00+07:00,0.0,0.0,0.414,0.435,0.417,0.453,1006.36694,55.61334
2024-06-22 15:00:00+07:00,0.0,0.0,0.413,0.434,0.417,0.453,1005.9611,61.074364
2024-06-22 16:00:00+07:00,0.0,0.0,0.412,0.434,0.417,0.453,1006.15436,67.0986
2024-06-22 17:00:00+07:00,0.0,0.0,0.411,0.433,0.417,0.453,1006.4497,69.88755
2024-06-22 18:00:00+07:00,0.0,0.0,0.411,0.433,0.417,0.453,1006.74115,72.929665
2024-06-22 19:00:00+07:00,0.0,0.0,0.411,0.433,0.417,0.453,1007.53485,77.37645
2024-06-22 20:00:00+07:00,0.0,0.0,0.405,0.43,0.415,0.453,1008.6304,77.331985
2024-06-22 21:00:00+07:00,0.0,0.0,0.406,0.43,0.415,0.453,1009.124,84.07244
2024-06-22 22:00:00+07:00,0.0,0.0,0.406,0.43,0.415,0.453,1009.61725,91.13639
2024-06-22 23:00:00+07:00,0.0,0.0,0.406,0.43,0.415,0.453,1009.5137,94.46023
2024-06-23 00:00:00+07:00,0.0,0.0,0.406,0.43,0.415,0.453,1009.4116,94.448074
2024-06-23 01:00:00+07:00,0.0,0.0,0.406,0.43,0.415,0.453,1009.0096,95.868706
2024-06-23 02:00:00+07:00,0.0,0.0,0.406,0.429,0.415,0.453,1008.1087,94.98844
2024-06-23 03:00:00+07:00,0.0,0.0,0.407,0.429,0.415,0.453,1007.707,92.6887
2024-06-23 04:00:00+07:00,0.0,0.0,0.407,0.429,0.415,0.453,1007.4048,91.82002
2024-06-23 05:00:00+07:00,0.0,0.0,0.407,0.429,0.415,0.453,1007.4016,92.64344
2024-06-23 06:00:00+07:00,0.0,0.0,0.407,0.429,0.415,0.453,1007.7995,92.351006
2024-06-23 07:00:00+07:00,0.0,0.0,0.407,0.429,0.415,0.453,1008.4058,87.99288
2024-06-23 08:00:00+07:00,0.0,0.0,0.405,0.428,0.415,0.453,1009.1291,76.622444
2024-06-23 09:00:00+07:00,0.0,0.0,0.404,0.428,0.414,0.453,1009.34705,62.72067
2024-06-23 10:00:00+07:00,0.0,0.0,0.403,0.427,0.414,0.453,1009.1543,53.17751
2024-06-23 11:00:00+07:00,0.0,0.0,0.401,0.426,0.414,0.453,1008.5618,49.44209
2024-06-23 12:00:00+07:00,0.0,0.0,0.399,0.425,0.414,0.453,1007.3693,48.72394
2024-06-23 13:00:00+07:00,0.0,0.0,0.398,0.425,0.414,0.453,1006.774,47.23439
2024-06-23 14:00:00+07:00,0.0,0.0,0.396,0.424,0.414,0.453,1005.87714,46.692337
2024-06-23 15:00:00+07:00,0.0,0.0,0.395,0.423,0.414,0.453,1005.17413,50.11093
2024-06-23 16:00:00+07:00,0.0,0.0,0.394,0.423,0.413,0.453,1004.9591,63.406242
2024-06-23 17:00:00+07:00,0.0,0.0,0.393,0.422,0.413,0.453,1005.3514,67.57342
2024-06-23 18:00:00+07:00,0.0,0.0,0.393,0.422,0.413,0.453,1006.04675,69.15082
2024-06-23 19:00:00+07:00,0.0,0.0,0.393,0.422,0.413,0.453,1006.6348,82.9086
2024-06-23 20:00:00+07:00,0.0,0.0,0.391,0.42,0.413,0.453,1007.2355,79.033295
2024-06-23 21:00:00+07:00,0.0,0.0,0.391,0.42,0.413,0.453,1007.9296,74.04579
2024-06-23 22:00:00+07:00,0.0,0.0,0.391,0.42,0.413,0.453,1008.2236,77.40443
2024-06-23 23:00:00+07:00,0.0,0.0,0.391,0.42,0.413,0.453,1008.121,80.24154
2024-06-24 00:00:00+07:00,0.0,0.0,0.391,0.42,0.413,0.453,1008.21954,82.70413
2024-06-24 01:00:00+07:00,0.0,0.0,0.391,0.42,0.413,0.453,1007.7196,83.19276
2024-06-24 02:00:00+07:00,0.0,0.0,0.392,0.42,0.413,0.453,1007.01886,83.66825
2024-06-24 03:00:00+07:00,0.0,0.0,0.392,0.42,0.413,0.453,1007.0156,88.07733
2024-06-24 04:00:00+07:00,0.0,0.0,0.392,0.42,0.413,0.453,1006.8151,87.52896
2024-06-24 05:00:00+07:00,0.0,0.0,0.392,0.42,0.413,0.453,1007.01215,87.4982
2024-06-24 06:00:00+07:00,0.0,0.0,0.392,0.42,0.413,0.453,1007.60974,88.0183
2024-06-24 07:00:00+07:00,0.0,0.0,0.392,0.42,0.413,0.453,1008.2182,81.9259
2024-06-24 08:00:00+07:00,0.0,0.0,0.391,0.419,0.412,0.453,1009.0337,73.97822
2024-06-24 09:00:00+07:00,0.0,0.0,0.391,0.418,0.412,0.453,1008.8483,66.47079
2024-06-24 10:00:00+07:00,0.0,0.0,0.389,0.418,0.412,0.453,1008.45764,61.31631
2024-06-24 11:00:00+07:00,0.0,0.0,0.388,0.417,0.412,0.453,1008.2644,57.036644
2024-06-24 12:00:00+07:00,0.0,0.0,0.386,0.416,0.412,0.453,1007.6652,58.785522
2024-06-24 13:00:00+07:00,0.1,0.1,0.386,0.415,0.412,0.452,1006.9581,65.25762
2024-06-24 14:00:00+07:00,0.5,0.5,0.389,0.415,0.411,0.452,1006.35913,64.65755
2024-06-24 15:00:00+07:00,0.0,0.0,0.388,0.415,0.411,0.452,1004.965,62.45409
2024-06-24 16:00:00+07:00,0.0,0.0,0.387,0.414,0.411,0.452,1004.8628,64.28804
2024-06-24 17:00:00+07:00,0.0,0.0,0.387,0.414,0.411,0.452,1005.05634,68.73322
2024-06-24 18:00:00+07:00,0.0,0.0,0.387,0.414,0.411,0.452,1006.2422,81.29701
2024-06-24 19:00:00+07:00,0.0,0.0,0.387,0.414,0.411,0.452,1007.1394,79.58693
2024-06-24 20:00:00+07:00,0.1,0.1,0.383,0.411,0.409,0.452,1007.0378,87.55657
2024-06-24 21:00:00+07:00,0.0,0.0,0.384,0.411,0.409,0.452,1007.63214,93.42898
2024-06-24 22:00:00+07:00,0.0,0.0,0.384,0.411,0.409,0.452,1007.9277,96.222885
2024-06-24 23:00:00+07:00,0.1,0.1,0.384,0.411,0.409,0.452,1007.724,95.63401
2024-06-25 00:00:00+07:00,0.1,0.1,0.385,0.411,0.409,0.452,1007.22156,96.19242
2024-06-25 01:00:00+07:00,0.0,0.0,0.385,0.411,0.409,0.452,1006.6228,95.61805
2024-06-25 02:00:00+07:00,0.0,0.0,0.386,0.411,0.409,0.452,1006.12134,96.7615
2024-06-25 03:00:00+07:00,0.0,0.0,0.386,0.411,0.409,0.452,1005.6214,97.632866
2024-06-25 04:00:00+07:00,0.0,0.0,0.386,0.411,0.409,0.452,1005.61914,98.51141
2024-06-25 05:00:00+07:00,0.0,0.0,0.386,0.411,0.409,0.452,1006.2179,98.21607
2024-06-25 06:00:00+07:00,0.0,0.0,0.386,0.411,0.409,0.452,1006.8201,95.03585
2024-06-25 07:00:00+07:00,0.1,0.1,0.387,0.41,0.409,0.452,1007.3224,93.63819
2024-06-25 08:00:00+07:00,0.0,0.0,0.404,0.411,0.409,0.452,1008.13715,85.25758
2024-06-25 09:00:00+07:00,0.1,0.1,0.404,0.411,0.409,0.452,1008.24316,79.70813
2024-06-25 10:00:00+07:00,0.0,0.0,0.403,0.41,0.409,0.452,1007.55597,69.282036
2024-06-25 11:00:00+07:00,0.1,0.1,0.402,0.41,0.409,0.452,1007.2623,65.0094
2024-06-25 12:00:00+07:00,0.0,0.0,0.4,0.409,0.409,0.452,1006.46924,61.005695
2024-06-25 13:00:00+07:00,0.0,0.0,0.398,0.409,0.409,0.452,1005.4744,59.303898
2024-06-25 14:00:00+07:00,0.1,0.1,0.398,0.408,0.408,0.452,1005.0693,60.548725
2024-06-25 15:00:00+07:00,0.2,0.2,0.399,0.408,0.408,0.452,1004.6695,63.33313
2024-06-25 16:00:00+07:00,0.2,0.2,0.399,0.407,0.408,0.452,1004.76483,64.35116
2024-06-25 17:00:00+07:00,0.1,0.1,0.4,0.407,0.408,0.452,1005.34753,76.626396
2024-06-25 18:00:00+07:00,4.1,4.1,0.451,0.407,0.408,0.452,1006.7263,89.53603
2024-06-25 19:00:00+07:00,0.9,0.9,0.461,0.408,0.408,0.452,1007.42084,91.95436
2024-06-25 20:00:00+07:00,0.0,0.0,0.486,0.43,0.409,0.452,1007.5229,90.872086
2024-06-25 21:00:00+07:00,0.0,0.0,0.483,0.431,0.409,0.452,1008.2192,91.12692
2024-06-25 22:00:00+07:00,0.0,0.0,0.48,0.431,0.409,0.452,1008.1194,90.306015
2024-06-25 23:00:00+07:00,0.0,0.0,0.478,0.432,0.409,0.452,1007.91956,90.57556
2024-06-26 00:00:00+07:00,0.0,0.0,0.476,0.433,0.409,0.452,1007.9198,90.03379
2024-06-26 01:00:00+07:00,0.0,0.0,0.475,0.433,0.409,0.452,1007.71924,90.568855
2024-06-26 02:00:00+07:00,0.0,0.0,0.473,0.434,0.409,0.452,1006.7195,91.37734
2024-06-26 03:00:00+07:00,0.0,0.0,0.472,0.434,0.409,0.452,1006.41974,90.27489
2024-06-26 04:00:00+07:00,0.0,0.0,0.47,0.434,0.409,0.452,1006.11847,91.635925
2024-06-26 05:00:00+07:00,0.0,0.0,0.469,0.435,0.409,0.452,1006.3169,93.022644
2024-06-26 06:00:00+07:00,0.0,0.0,0.468,0.435,0.409,0.452,1006.21704,93.30463
2024-06-26 07:00:00+07:00,0.0,0.0,0.467,0.435,0.409,0.452,1006.7226,90.3094
2024-06-26 08:00:00+07:00,0.0,0.0,0.478,0.455,0.409,0.452,1007.43445,82.92595
2024-06-26 09:00:00+07:00,0.0,0.0,0.475,0.455,0.409,0.452,1007.2471,73.32127
2024-06-26 10:00:00+07:00,0.0,0.0,0.473,0.454,0.409,0.452,1006.956,68.42492
2024-06-26 11:00:00+07:00,0.0,0.0,0.47,0.454,0.409,0.452,1006.26434,62.508522
2024-06-26 12:00:00+07:00,0.1,0.1,0.468,0.453,0.408,0.452,1005.37085,59.345863
2024-06-26 13:00:00+07:00,0.1,0.1,0.467,0.453,0.408,0.452,1004.7739,59.056293
2024-06-26 14:00:00+07:00,0.0,0.0,0.464,0.452,0.408,0.452,1004.2759,58.02795
2024-06-26 15:00:00+07:00,0.1,0.1,0.463,0.452,0.408,0.452,1004.37134,60.02353
2024-06-26 16:00:00+07:00,0.1,0.1,0.461,0.451,0.408,0.452,1004.46545,65.13303
2024-06-26 17:00:00+07:00,0.0,0.0,0.46,0.451,0.408,0.452,1004.4595,71.106125
2024-06-26 18:00:00+07:00,0.0,0.0,0.46,0.451,0.408,0.452,1005.14825,77.79372
2024-06-26 19:00:00+07:00,0.0,0.0,0.459,0.451,0.408,0.452,1005.9416,81.271965
2024-06-26 20:00:00+07:00,0.0,0.0,0.46,0.448,0.407,0.452,1007.03705,83.45971
2024-06-26 21:00:00+07:00,0.0,0.0,0.459,0.449,0.407,0.452,1007.73096,87.48718
2024-06-26 22:00:00+07:00,0.0,0.0,0.459,0.449,0.407,0.452,1008.3263,90.10767
2024-06-26 23:00:00+07:00,0.0,0.0,0.459,0.449,0.407,0.452,1008.4255,90.64231
2024-06-27 00:00:00+07:00,0.0,0.0,0.458,0.449,0.407,0.452,1008.2267,88.77078
2024-06-27 01:00:00+07:00,0.0,0.0,0.458,0.449,0.407,0.452,1008.1261,87.96233
2024-06-27 02:00:00+07:00,0.0,0.0,0.457,0.449,0.407,0.452,1007.5254,88.73919
2024-06-27 03:00:00+07:00,0.0,0.0,0.457,0.449,0.407,0.452,1007.1253,88.99493
2024-06-27 04:00:00+07:00,0.0,0.0,0.457,0.449,0.407,0.452,1007.3198,92.49883
2024-06-27 05:00:00+07:00,0.0,0.0,0.457,0.449,0.407,0.452,1007.5194,91.94281
2024-06-27 06:00:00+07:00,0.0,0.0,0.456,0.449,0.407,0.452,1007.6177,91.65394
2024-06-27 07:00:00+07:00,0.0,0.0,0.456,0.449,0.407,0.452,1008.02435,87.67667
2024-06-27 08:00:00+07:00,0.0,0.0,0.454,0.448,0.407,0.452,1008.43805,79.37514
2024-06-27 09:00:00+07:00,0.0,0.0,0.453,0.447,0.407,0.452,1008.7475,73.634636
2024-06-27 10:00:00+07:00,0.0,0.0,0.451,0.447,0.407,0.452,1008.55646,68.32517
2024-06-27 11:00:00+07:00,0.0,0.0,0.449,0.446,0.407,0.452,1007.96344,66.07531
2024-06-27 12:00:00+07:00,0.0,0.0,0.447,0.445,0.407,0.452,1006.96954,64.247765
2024-06-27 13:00:00+07:00,0.0,0.0,0.444,0.444,0.406,0.452,1006.47363,62.08514
2024-06-27 14:00:00+07:00,1.0,1.0,0.453,0.444,0.406,0.452,1006.16016,68.90482
2024-06-27 15:00:00+07:00,1.6,1.6,0.468,0.444,0.406,0.452,1005.9539,77.48234
2024-06-27 16:00:00+07:00,0.2,0.2,0.468,0.444,0.406,0.452,1006.1576,72.224525
2024-06-27 17:00:00+07:00,1.3,1.3,0.48,0.444,0.406,0.452,1006.9361,83.68806
2024-06-27 18:00:00+07:00,0.5,0.5,0.482,0.445,0.406,0.452,1007.32587,91.17109
2024-06-27 19:00:00+07:00,0.0,0.0,0.48,0.445,0.406,0.452,1008.0211,93.360054
2024-06-27 20:00:00+07:00,0.0,0.0,0.457,0.44,0.403,0.452,1008.3228,93.93485
2024-06-27 21:00:00+07:00,0.0,0.0,0.456,0.44,0.403,0.452,1008.4226,94.49828
2024-06-27 22:00:00+07:00,0.0,0.0,0.456,0.44,0.403,0.452,1008.6212,95.05928
2024-06-27 23:00:00+07:00,0.0,0.0,0.455,0.44,0.403,0.452,1008.7204,95.62604
2024-06-28 00:00:00+07:00,0.0,0.0,0.455,0.44,0.403,0.452,1008.6206,95.34046
2024-06-28 01:00:00+07:00,0.0,0.0,0.455,0.44,0.403,0.452,1008.42004,94.76783
2024-06-28 02:00:00+07:00,0.0,0.0,0.454,0.44,0.403,0.452,1008.21893,95.04306
2024-06-28 03:00:00+07:00,0.0,0.0,0.454,0.441,0.403,0.452,1008.1169,95.605225
2024-06-28 04:00:00+07:00,0.0,0.0,0.454,0.441,0.403,0.452,1008.0155,95.597176
2024-06-28 05:00:00+07:00,0.0,0.0,0.453,0.441,0.403,0.452,1008.21545,95.02494
2024-06-28 06:00:00+07:00,0.0,0.0,0.453,0.441,0.403,0.452,1008.5119,95.29773
2024-06-28 07:00:00+07:00,0.0,0.0,0.453,0.441,0.403,0.452,1009.1214,91.16482
2024-06-28 08:00:00+07:00,0.1,0.1,0.451,0.44,0.403,0.452,1010.0332,82.74702
2024-06-28 09:00:00+07:00,0.2,0.2,0.452,0.44,0.403,0.452,1010.0395,77.35753
2024-06-28 10:00:00+07:00,0.4,0.4,0.453,0.44,0.403,0.452,1009.7478,75.01856
2024-06-28 11:00:00+07:00,0.1,0.1,0.452,0.439,0.403,0.452,1009.15625,70.430275
2024-06-28 12:00:00+07:00,0.1,0.1,0.45,0.438,0.403,0.452,1008.2622,68.46912
2024-06-28 13:00:00+07:00,0.1,0.1,0.448,0.438,0.403,0.452,1007.4635,69.07516
2024-06-28 14:00:00+07:00,0.9,0.9,0.455,0.437,0.402,0.452,1006.7573,73.76786
2024-06-28 15:00:00+07:00,2.2,2.2,0.477,0.438,0.402,0.452,1006.44684,81.1483
2024-06-28 16:00:00+07:00,0.1,0.1,0.476,0.438,0.402,0.452,1006.35126,79.31494
2024-06-28 17:00:00+07:00,0.9,0.9,0.485,0.438,0.402,0.452,1006.8435,82.07296
2024-06-28 18:00:00+07:00,3.6,3.6,0.499,0.449,0.402,0.452,1007.52655,93.11015
2024-06-28 19:00:00+07:00,0.1,0.1,0.495,0.451,0.402,0.452,1008.12286,94.21411
2024-06-28 20:00:00+07:00,0.3,0.3,0.457,0.435,0.401,0.452,1008.9181,95.04668
2024-06-28 21:00:00+07:00,0.1,0.1,0.458,0.435,0.401,0.452,1009.61786,93.921715
2024-06-28 22:00:00+07:00,0.0,0.0,0.458,0.435,0.401,0.452,1009.41394,96.75913
2024-06-28 23:00:00+07:00,0.0,0.0,0.457,0.435,0.401,0.452,1009.1148,95.89287
2024-06-29 00:00:00+07:00,0.0,0.0,0.457,0.435,0.401,0.452,1009.31476,96.7615
2024-06-29 01:00:00+07:00,0.0,0.0,0.456,0.436,0.401,0.452,1009.11285,98.80849
2024-06-29 02:00:00+07:00,0.0,0.0,0.456,0.436,0.401,0.452,1008.7121,98.806694
2024-06-29 03:00:00+07:00,0.0,0.0,0.455,0.436,0.401,0.452,1008.4133,98.51141
2024-06-29 04:00:00+07:00,0.0,0.0,0.455,0.436,0.401,0.452,1008.5125,98.806694
2024-06-29 05:00:00+07:00,0.0,0.0,0.454,0.436,0.401,0.452,1009.20795,98.80264
2024-06-29 06:00:00+07:00,0.0,0.0,0.454,0.436,0.401,0.452,1009.4076,98.5053
2024-06-29 07:00:00+07:00,0.0,0.0,0.454,0.436,0.401,0.452,1010.0142,94.75259
2024-06-29 08:00:00+07:00,0.0,0.0,0.453,0.435,0.401,0.452,1010.4276,87.513275
2024-06-29 09:00:00+07:00,0.0,0.0,0.451,0.435,0.401,0.452,1010.4406,76.93223
2024-06-29 10:00:00+07:00,0.0,0.0,0.45,0.435,0.401,0.452,1010.35034,70.329735
2024-06-29 11:00:00+07:00,0.0,0.0,0.448,0.434,0.401,0.452,1009.85364,68.52094
2024-06-29 12:00:00+07:00,4.7,4.7,0.504,0.434,0.401,0.452,1009.43567,81.29701
2024-06-29 13:00:00+07:00,0.3,0.3,0.498,0.437,0.401,0.452,1008.5429,78.76743
2024-06-29 14:00:00+07:00,0.1,0.1,0.493,0.438,0.4,0.452,1007.84845,77.2222
2024-06-29 15:00:00+07:00,0.3,0.3,0.49,0.439,0.4,0.452,1007.8415,79.893425
2024-06-29 16:00:00+07:00,0.1,0.1,0.487,0.439,0.4,0.452,1007.74164,79.893425
2024-06-29 17:00:00+07:00,0.8,0.8,0.491,0.44,0.4,0.452,1007.8318,86.45839
2024-06-29 18:00:00+07:00,0.0,0.0,0.488,0.441,0.4,0.452,1008.4251,89.8273
2024-06-29 19:00:00+07:00,0.0,0.0,0.485,0.442,0.4,0.452,1009.3176,93.6336
2024-06-29 20:00:00+07:00,0.0,0.0,0.467,0.434,0.4,0.452,1010.2179,96.20215
2024-06-29 21:00:00+07:00,0.0,0.0,0.466,0.434,0.4,0.452,1010.9165,95.05928
2024-06-29 22:00:00+07:00,0.0,0.0,0.465,0.434,0.4,0.451,1010.6146,95.61805
2024-06-29 23:00:00+07:00,0.0,0.0,0.464,0.435,0.4,0.451,1010.4125,95.894325
2024-06-30 00:00:00+07:00,0.0,0.0,0.463,0.435,0.4,0.451,1010.61053,97.338455
2024-06-30 01:00:00+07:00,0.0,0.0,0.462,0.435,0.4,0.451,1010.10925,97.91989
2024-06-30 02:00:00+07:00,0.0,0.0,0.462,0.435,0.4,0.451,1009.10974,97.62143
2024-06-30 03:00:00+07:00,0.0,0.0,0.461,0.436,0.4,0.451,1008.6089,97.32269
2024-06-30 04:00:00+07:00,0.0,0.0,0.46,0.436,0.4,0.451,1008.50714,97.02363
2024-06-30 05:00:00+07:00,0.0,0.0,0.46,0.436,0.4,0.451,1008.6058,97.31374
2024-06-30 06:00:00+07:00,0.0,0.0,0.459,0.436,0.4,0.451,1008.60443,97.30979
2024-06-30 07:00:00+07:00,0.0,0.0,0.458,0.436,0.4,0.451,1008.91327,95.595566
2024-06-30 08:00:00+07:00,0.0,0.0,0.456,0.436,0.4,0.451,1010.42316,89.316124
2024-06-30 09:00:00+07:00,0.0,0.0,0.455,0.436,0.4,0.451,1010.3381,76.4115
2024-06-30 10:00:00+07:00,0.0,0.0,0.453,0.436,0.4,0.451,1010.04895,67.585075
2024-06-30 11:00:00+07:00,0.0,0.0,0.45,0.435,0.4,0.451,1009.0589,62.708683
2024-06-30 12:00:00+07:00,0.0,0.0,0.448,0.434,0.4,0.451,1008.26495,60.25079
2024-06-30 13:00:00+07:00,0.1,0.1,0.446,0.434,0.399,0.451,1007.0664,60.410698
2024-06-30 14:00:00+07:00,0.2,0.2,0.445,0.433,0.399,0.451,1006.46356,64.80355
2024-06-30 15:00:00+07:00,0.0,0.0,0.444,0.433,0.399,0.451,1006.05646,70.47706
2024-06-30 16:00:00+07:00,0.0,0.0,0.443,0.432,0.399,0.451,1005.85474,70.201096
2024-06-30 17:00:00+07:00,0.0,0.0,0.442,0.432,0.399,0.451,1006.25104,72.05859
2024-06-30 18:00:00+07:00,0.0,0.0,0.441,0.432,0.399,0.451,1006.94055,80.56253
2024-06-30 19:00:00+07:00,0.0,0.0,0.441,0.432,0.399,0.451,1007.7347,84.70327
2024-06-30 20:00:00+07:00,0.0,0.0,0.443,0.432,0.399,0.451,1008.13464,83.45408
2024-06-30 21:00:00+07:00,0.0,0.0,0.443,0.432,0.399,0.451,1008.7286,89.06825
2024-06-30 22:00:00+07:00,0.0,0.0,0.443,0.432,0.399,0.451,1008.8272,86.680954
2024-06-30 23:00:00+07:00,0.2,0.2,0.444,0.432,0.399,0.451,1009.3227,87.9497
2024-07-01 00:00:00+07:00,0.2,0.2,0.445,0.432,0.399,0.451,1009.1199,94.77355
2024-07-01 01:00:00+07:00,0.0,0.0,0.445,0.432,0.4,0.451,1008.6197,93.919495
2024-07-01 02:00:00+07:00,0.0,0.0,0.445,0.432,0.4,0.451,1008.0184,95.897354
2024-07-01 03:00:00+07:00,0.0,0.0,0.445,0.432,0.4,0.451,1007.9157,97.04553
2024-07-01 04:00:00+07:00,0.0,0.0,0.445,0.432,0.4,0.451,1007.9132,97.91836
2024-07-01 05:00:00+07:00,0.3,0.3,0.447,0.432,0.4,0.451,1008.6114,98.50865
2024-07-01 06:00:00+07:00,0.2,0.2,0.448,0.432,0.4,0.451,1008.5119,97.33059
2024-07-01 07:00:00+07:00,0.1,0.1,0.448,0.432,0.4,0.451,1009.01434,95.028595
2024-07-01 08:00:00+07:00,0.0,0.0,0.454,0.434,0.399,0.451,1009.43317,82.481865
2024-07-01 09:00:00+07:00,0.0,0.0,0.453,0.433,0.399,0.451,1009.443,76.48008
2024-07-01 10:00:00+07:00,0.1,0.1,0.452,0.433,0.399,0.451,1008.75006,73.9138
2024-07-01 11:00:00+07:00,0.1,0.1,0.45,0.432,0.399,0.451,1007.9561,71.204666
2024-07-01 12:00:00+07:00,0.0,0.0,0.448,0.432,0.399,0.451,1006.5637,68.00347
2024-07-01 13:00:00+07:00,0.0,0.0,0.446,0.431,0.399,0.451,1005.86707,66.25336
2024-07-01 14:00:00+07:00,1.2,1.2,0.455,0.431,0.399,0.451,1005.15485,73.19396
2024-07-01 15:00:00+07:00,0.3,0.3,0.456,0.431,0.399,0.451,1004.558,72.14607
2024-07-01 16:00:00+07:00,0.1,0.1,0.455,0.431,0.399,0.451,1004.55676,72.11115
2024-07-01 17:00:00+07:00,0.7,0.7,0.461,0.431,0.399,0.451,1005.3473,75.4736
2024-07-01 18:00:00+07:00,0.7,0.7,0.467,0.431,0.399,0.451,1006.73145,90.665504
2024-07-01 19:00:00+07:00,0.7,0.7,0.474,0.431,0.399,0.451,1007.5231,93.36486
2024-07-01 20:00:00+07:00,1.9,1.9,0.478,0.429,0.398,0.451,1008.6216,92.81169
2024-07-01 21:00:00+07:00,0.8,0.8,0.485,0.43,0.398,0.451,1008.8174,91.94855
2024-07-01 22:00:00+07:00,0.0,0.0,0.483,0.431,0.398,0.451,1009.2136,92.20369
2024-07-01 23:00:00+07:00,0.0,0.0,0.48,0.432,0.398,0.451,1008.91266,91.08237
2024-07-02 00:00:00+07:00,0.2,0.2,0.481,0.433,0.398,0.451,1008.7102,93.29249
2024-07-02 01:00:00+07:00,2.6,2.6,0.51,0.435,0.398,0.451,1008.30927,94.99396
2024-07-02 02:00:00+07:00,0.5,0.5,0.503,0.439,0.398,0.451,1007.6113,96.73754
2024-07-02 03:00:00+07:00,0.0,0.0,0.497,0.441,0.398,0.451,1007.2092,97.61085
2024-07-02 04:00:00+07:00,0.0,0.0,0.492,0.442,0.398,0.451,1007.50836,97.905975
2024-07-02 05:00:00+07:00,0.0,0.0,0.489,0.443,0.398,0.451,1008.20966,96.15305
2024-07-02 06:00:00+07:00,0.0,0.0,0.486,0.444,0.398,0.451,1008.4061,97.31374
2024-07-02 07:00:00+07:00,0.0,0.0,0.484,0.445,0.398,0.451,1009.0115,95.58911
2024-07-02 08:00:00+07:00,0.0,0.0,0.487,0.458,0.398,0.451,1009.42267,90.63567
2024-07-02 09:00:00+07:00,0.0,0.0,0.484,0.458,0.398,0.451,1009.43317,81.742676
2024-07-02 10:00:00+07:00,0.0,0.0,0.482,0.458,0.398,0.451,1009.045,72.92332
2024-07-02 11:00:00+07:00,0.0,0.0,0.479,0.458,0.398,0.451,1008.75354,67.43057
2024-07-02 12:00:00+07:00,0.0,0.0,0.476,0.457,0.398,0.451,1007.659,65.32982
2024-07-02 13:00:00+07:00,0.1,0.1,0.474,0.457,0.398,0.451,1007.0608,65.74533
2024-07-02 14:00:00+07:00,0.0,0.0,0.472,0.456,0.397,0.451,1006.2524,72.74704
2024-07-02 15:00:00+07:00,0.4,0.4,0.473,0.456,0.397,0.451,1006.7421,80.10667
2024-07-02 16:00:00+07:00,0.0,0.0,0.472,0.456,0.397,0.451,1006.54407,78.941086
2024-07-02 17:00:00+07:00,0.0,0.0,0.471,0.456,0.397,0.451,1006.9408,80.32763
2024-07-02 18:00:00+07:00,1.1,1.1,0.481,0.456,0.398,0.451,1007.82983,86.171
2024-07-02 19:00:00+07:00,0.0,0.0,0.48,0.456,0.398,0.451,1008.52356,94.50627
2024-07-02 20:00:00+07:00,0.0,0.0,0.48,0.46,0.398,0.451,1008.6269,89.316124
2024-07-02 21:00:00+07:00,0.0,0.0,0.479,0.46,0.398,0.451,1009.2244,90.10767
2024-07-02 22:00:00+07:00,0.0,0.0,0.478,0.46,0.398,0.451,1009.22284,90.36088
2024-07-02 23:00:00+07:00,0.0,0.0,0.477,0.46,0.398,0.451,1009.021,90.34036
2024-07-03 00:00:00+07:00,0.0,0.0,0.476,0.46,0.398,0.451,1008.7189,92.2372
2024-07-03 01:00:00+07:00,0.0,0.0,0.475,0.461,0.398,0.451,1008.01764,93.61748
2024-07-03 02:00:00+07:00,0.0,0.0,0.475,0.461,0.399,0.451,1007.51556,95.88228
2024-07-03 03:00:00+07:00,0.0,0.0,0.474,0.461,0.399,0.451,1007.3135,97.03462
2024-07-03 04:00:00+07:00,0.0,0.0,0.473,0.461,0.399,0.451,1007.41113,97.61617
2024-07-03 05:00:00+07:00,0.0,0.0,0.473,0.461,0.399,0.451,1007.8096,97.614395
2024-07-03 06:00:00+07:00,0.0,0.0,0.472,0.461,0.399,0.451,1008.4081,97.02474
2024-07-03 07:00:00+07:00,0.0,0.0,0.471,0.461,0.399,0.451,1009.21436,92.48806
2024-07-03 08:00:00+07:00,0.0,0.0,0.467,0.461,0.399,0.451,1009.9315,80.996605
2024-07-03 09:00:00+07:00,0.0,0.0,0.466,0.46,0.399,0.451,1010.1441,71.43647
2024-07-03 10:00:00+07:00,0.0,0.0,0.464,0.46,0.399,0.451,1009.9527,66.27104
2024-07-03 11:00:00+07:00,0.0,0.0,0.462,0.459,0.399,0.451,1009.46,62.584557
2024-07-03 12:00:00+07:00,0.0,0.0,0.459,0.458,0.399,0.451,1008.36707,59.425972
2024-07-03 13:00:00+07:00,0.0,0.0,0.457,0.457,0.399,0.451,1007.37256,57.088436
2024-07-03 14:00:00+07:00,0.0,0.0,0.454,0.456,0.399,0.451,1006.47614,55.78164
2024-07-03 15:00:00+07:00,0.0,0.0,0.453,0.455,0.398,0.451,1005.87274,57.328743
2024-07-03 16:00:00+07:00,1.0,1.0,0.463,0.455,0.398,0.451,1006.8574,70.540924
2024-07-03 17:00:00+07:00,0.1,0.1,0.463,0.455,0.398,0.451,1007.8415,77.99873
2024-07-03 18:00:00+07:00,0.3,0.3,0.465,0.455,0.399,0.451,1009.2291,83.1528
2024-07-03 19:00:00+07:00,0.2,0.2,0.466,0.455,0.399,0.451,1009.62384,87.71108
2024-07-03 20:00:00+07:00,0.0,0.0,0.461,0.455,0.398,0.451,1010.0234,87.97914
2024-07-03 21:00:00+07:00,0.0,0.0,0.46,0.455,0.398,0.451,1010.4187,92.264984
2024-07-03 22:00:00+07:00,0.0,0.0,0.46,0.455,0.398,0.451,1010.71655,92.80652
2024-07-03 23:00:00+07:00,0.0,0.0,0.46,0.455,0.398,0.451,1010.91394,92.790955
2024-07-04 00:00:00+07:00,0.0,0.0,0.46,0.455,0.399,0.451,1010.61304,93.33844
2024-07-04 01:00:00+07:00,0.0,0.0,0.459,0.455,0.399,0.451,1009.81244,93.60593
2024-07-04 02:00:00+07:00,0.0,0.0,0.459,0.455,0.399,0.451,1009.2109,95.01222
2024-07-04 03:00:00+07:00,0.0,0.0,0.459,0.455,0.399,0.451,1009.0086,96.155914
2024-07-04 04:00:00+07:00,0.0,0.0,0.459,0.455,0.399,0.451,1008.8066,97.612595
2024-07-04 05:00:00+07:00,0.0,0.0,0.458,0.454,0.399,0.451,1008.80536,98.202065
2024-07-04 06:00:00+07:00,0.0,0.0,0.458,0.454,0.399,0.451,1008.90546,96.43383
2024-07-04 07:00:00+07:00,0.0,0.0,0.458,0.454,0.399,0.451,1009.4116,91.08237
2024-07-04 08:00:00+07:00,0.0,0.0,0.479,0.462,0.399,0.451,1010.0317,79.31367
2024-07-04 09:00:00+07:00,0.0,0.0,0.477,0.462,0.399,0.451,1009.8447,70.57989
2024-07-04 10:00:00+07:00,0.0,0.0,0.475,0.461,0.398,0.451,1009.3539,66.67181
2024-07-04 11:00:00+07:00,0.0,0.0,0.472,0.461,0.398,0.451,1008.9591,64.82434
2024-07-04 12:00:00+07:00,0.0,0.0,0.47,0.46,0.398,0.451,1008.06226,65.256874
2024-07-04 13:00:00+07:00,0.0,0.0,0.468,0.46,0.398,0.451,1007.1635,65.826805
2024-07-04 14:00:00+07:00,6.9,6.9,0.515,0.469,0.398,0.451,1007.92926,86.425575
2024-07-04 15:00:00+07:00,1.4,1.4,0.505,0.478,0.398,0.451,1007.32355,91.97453
2024-07-04 16:00:00+07:00,0.0,0.0,0.501,0.479,0.399,0.451,1007.2295,86.41142
2024-07-04 17:00:00+07:00,0.0,0.0,0.498,0.479,0.399,0.451,1007.62866,86.15186
2024-07-04 18:00:00+07:00,0.3,0.3,0.498,0.48,0.399,0.451,1008.42377,90.35749
2024-07-04 19:00:00+07:00,1.3,1.3,0.509,0.481,0.399,0.451,1008.5218,93.649666
2024-07-04 20:00:00+07:00,0.1,0.1,0.493,0.481,0.398,0.451,1009.0179,92.5123
2024-07-04 21:00:00+07:00,0.3,0.3,0.495,0.481,0.398,0.451,1008.71716,93.622086
2024-07-04 22:00:00+07:00,0.8,0.8,0.503,0.481,0.398,0.451,1008.61584,93.05031
2024-07-04 23:00:00+07:00,0.1,0.1,0.501,0.482,0.398,0.451,1007.91724,92.212074
